{
  "name": "gru",
  "n_features": 13,
  "input_len": 48,
  "output_len": 24,
  "n_params": 157080,
  "best_epoch": 11,
  "best_val_loss": 0.11569459007871845,
  "best_val_rmse_c": 1.9116689563021239,
  "train_rmse_c": 1.6163749383961663,
  "train_mae_c": 1.1828048579592114,
  "val_rmse_c": 1.9116689563021239,
  "val_mae_c": 1.413301908704556,
  "overfit_ratio": 1.182689059878001
}